<fpgaspireader>
        <mem>
                <address>0</address>
                <start>2</start>
                <bits>16</bits>
                <sign>0</sign>
                <name>UIN</name>
                <koefficient>100.0</koefficient>
        </mem>
        <mem>
                <address>1</address>
                <start>1</start>
                <bits>16</bits>
                <sign>0</sign>
                <name>UOUT</name>
                <koefficient>100.0</koefficient>
        </mem>
        <mem>
                <address>1</address>
                <start>2</start>
                <bits>16</bits>
                <sign>0</sign>
                <name>IOUT</name>
                <koefficient>100.0</koefficient>
        </mem>
        <mem>
                <address>2</address>
                <start>1</start>
                <bits>16</bits>
                <sign>1</sign>
                <name>Duty Cicle x10</name>
                <koefficient>96</koefficient>
        </mem>
                <mem>
                <address>2</address>
                <start>2</start>
                <bits>16</bits>
                <sign>1</sign>
                <name>ERROR</name>
                <koefficient>100</koefficient>
        </mem>
                <mem>
                <address>3</address>
                <start>1</start>
                <bits>16</bits>
                <sign>1</sign>
                <name>prop_1</name>
                <koefficient>100</koefficient>
        </mem>
                <mem>
                <address>3</address>
                <start>2</start>
                <bits>16</bits>
                <sign>1</sign>
                <name>int_1</name>
                <koefficient>100</koefficient>
        </mem>
                <mem>
                <address>4</address>
                <start>1</start>
                <bits>16</bits>
                <sign>1</sign>
                <name>Int_clamp</name>
                <koefficient>100</koefficient>
        </mem>
                <mem>
                <address>4</address>
                <start>2</start>
                <bits>16</bits>
                <sign>1</sign>
                <name>PI1sat</name>
                <koefficient>100</koefficient>
        </mem>
                <mem>
                <address>5</address>
                <start>1</start>
                <bits>16</bits>
                <sign>1</sign>
                <name>ERROR2</name>
                <koefficient>100</koefficient>
        </mem>
	<param>
		<baudrate>115200</baudrate>
	</param>
</fpgaspireader>
